code,turn_down,turn_top
0012.HK,-0.0646978016010451,0.19800293858734636
001979.SZ,-0.10345142345985714,1.0687230546655302
002001.SZ,-0.1286815554276175,1.7890655275530536
002004.SZ,-1.6566057729853763,5.264177549988858
002006.SZ,-1.390065541894959,6.878614670814812
002007.SZ,-0.3157367202630932,2.8171980443049023
002008.SZ,-0.5025169424483633,5.304391158476241
002024.SZ,-0.2803209974066763,1.1924337442648454
002025.SZ,-0.0257043854528749,2.1245117025260445
002027.SZ,0.062334487267852734,1.84745784722692
002029.SZ,-0.6473111009125601,2.429207965024058
002032.SZ,-0.16911720105251965,0.7590475146413698
002034.SZ,-0.5196358604958963,2.4349149545725526
002035.SZ,-1.2340831375845505,5.239048294378975
002038.SZ,-1.0709567266669935,3.90143129112692
002041.SZ,-0.4908174428767291,3.903290613608438
002044.SZ,-0.34479818673437834,3.1026068975357726
002045.SZ,-5.536251383021066,17.35918518093048
002049.SZ,-0.37384699444856295,3.518920862044382
002050.SZ,-0.13301761376954213,1.8969566381597849
002051.SZ,-2.63697839426946,6.001305920401864
002056.SZ,-1.1810461078535979,6.107975376146282
002073.SZ,-2.294152124442547,7.599331915383315
002074.SZ,-0.6254726130926298,6.417147874416671
002078.SZ,-0.15248015141623394,1.9752021026357482
002080.SZ,-0.3491106477462549,3.007647929976221
002081.SZ,-0.09325770748275408,1.5721883695036591
002085.SZ,-0.4669392848285687,2.5906194242013907
002092.SZ,-1.0531892017293587,6.793466506693898
002097.SZ,-1.8849119094434212,5.051380550558404
002098.SZ,-2.227928217845398,4.965928914709508
002106.SZ,-0.5903501509560243,3.7889794192487063
002118.SZ,-3.0468281885336808,9.02485777654867
002124.SZ,-0.8604486399822764,8.299408221863809
002127.SZ,-1.2523219803240795,7.329153687641146
002129.SZ,-0.14706376865317394,3.566226137991154
002131.SZ,-1.426076692549095,5.7977996890647745
002138.SZ,-0.4765905897961584,3.571734143803126
002142.SZ,0.07542875382983899,0.9073539926490348
002146.SZ,-0.46687409403676505,2.5999263588451287
002151.SZ,-0.9109286236573508,4.543428623657348
002152.SZ,-0.5486170400897168,3.253452928591461
002153.SZ,-0.9024717922101464,2.5903264960429
002155.SZ,-1.8315286856501092,7.979889661259868
002156.SZ,-2.235144940236481,8.82837386009711
002157.SZ,-0.7649186923712095,5.409573840713266
002161.SZ,-3.744319249608488,9.074864545775737
002169.SZ,-3.7705203180478173,11.581456554981614
002174.SZ,-2.3693649092943243,8.797871877935451
002176.SZ,-2.046394000943847,12.893780737418549
002179.SZ,-0.03098950259520905,1.5313250426648954
002181.SZ,-3.9352466289489447,7.864573109785183
002182.SZ,-2.0105558846352123,11.831239451068793
002184.SZ,-5.0897189735171855,16.900789520254396
002185.SZ,-1.5664447812438087,5.411161157550427
002192.SZ,0.47604642908050243,7.563025822228406
002202.SZ,-1.5659449893907889,5.618661714129467
002203.SZ,-0.151497585841054,1.1331801642382673
002212.SZ,-0.7259545132889138,3.5926384854143483
002219.SZ,-0.6768563377827602,2.1880818622582847
002223.SZ,-0.8743526438025935,4.14507111070155
002230.SZ,-1.0870708712480424,4.4590276656731325
002233.SZ,-1.0949568843614341,3.3119655951628313
002234.SZ,-1.1692308341373616,9.20078414424189
002236.SZ,-1.1577153544817094,5.304272148906795
002237.SZ,-0.5884688607623807,3.6790779199958314
002240.SZ,-0.6292717632894931,10.048678035066494
002241.SZ,-0.7727686634378288,6.531563088524935
002242.SZ,-0.04762015634577188,1.4745793897952504
002248.SZ,-8.104422957656006,20.758517382743126
002249.SZ,-2.814482446746935,9.582748300405473
002250.SZ,0.06532344250594013,1.4048925853686247
002251.SZ,-6.199394668219582,12.968183068922567
002268.SZ,-0.9462850771681937,6.003073578910353
002271.SZ,-0.1568942812139289,3.3012277306912816
002279.SZ,-9.979124574177408,20.06919530588473
002292.SZ,-4.42874852611814,13.295699745630342
002294.SZ,-0.03992269191618503,0.8576160717071252
002296.SZ,-5.425884066162348,11.948391034803466
002299.SZ,-0.13704012830746315,2.035066260711644
002304.SZ,-0.10022831762091311,1.234030756645303
002309.SZ,-2.148383395220802,9.81968531494157
002310.SZ,-0.44519838740375905,2.224050303780066
002311.SZ,-0.025304451053083155,0.8484804092412364
002324.SZ,-0.38765053831269913,4.01928015503744
002325.SZ,-2.9811742971888626,7.509908443530323
002327.SZ,-1.008331617995379,2.746827785242765
002340.SZ,-3.4620311028489628,11.290773263127717
002341.SZ,-3.596743507714794,9.980116794182276
002345.SZ,-1.0343681986848428,4.871002693458358
002352.SZ,-0.013350053868112721,0.9174330661273069
002353.SZ,0.06775532256546724,2.8097495554833163
002355.SZ,-3.7878351038280766,9.462613827232337
002366.SZ,-7.0293954670019065,17.741164293621885
002371.SZ,0.344066543412052,2.9888923416053683
002372.SZ,-0.0398921005451488,1.1980638775486323
002373.SZ,-0.7246361289289303,3.2753218432146456
002384.SZ,-0.5279418854479516,4.663983697294642
002405.SZ,-0.9484564443706449,5.822155399074477
002410.SZ,-0.04592561473859691,1.3724869387804082
002415.SZ,-0.09667036140899643,1.1045985844055113
002416.SZ,-1.6404467127055244,4.65624183465674
002421.SZ,-1.7689944900530516,6.151053375070472
002422.SZ,-0.004461756766152014,2.685531094745248
002424.SZ,-5.48122827042206,12.703567643244353
002426.SZ,-2.341202191836798,7.455557514698933
002431.SZ,-5.788581789097858,11.046736492930613
002437.SZ,-1.8223918392973764,5.091446194698072
002439.SZ,-0.18781781337882286,3.6327443511644097
002444.SZ,-1.0207715509844946,3.9160642339113236
002446.SZ,-1.5308442458124287,8.608620204000582
002454.SZ,-4.078957699724578,9.765912403557333
002456.SZ,-0.84262209537987,3.902227321860707
002459.SZ,-0.6142549304971663,5.125983153493677
002460.SZ,0.44665603406539933,6.000394837014747
002462.SZ,-2.78667321416225,5.900248127054234
002465.SZ,-0.25709138931637066,2.3379081140550464
002466.SZ,-0.08122010691929482,8.472800594724182
002470.SZ,-0.5886657287076484,3.0368835297547676
002472.SZ,-0.26554896446358445,4.736942344254525
002475.SZ,0.1287612226444973,1.8902084637666507
002480.SZ,-4.102837320877615,9.408644289518735
002481.SZ,-1.5047875622584566,4.830200454244519
002488.SZ,-0.6219476677341158,4.307858120695788
002492.SZ,-2.354300553081112,7.654691145415606
002493.SZ,-0.20584165599436943,1.156509948677296
002497.SZ,-2.487574632660473,12.446395887015889
002500.SZ,-0.498186148168539,1.7291290053113968
002507.SZ,0.043365679522718636,2.744297386679371
002508.SZ,-0.043566328023756595,2.0605436799401353
002519.SZ,-3.08616077828053,7.4726468409983
002541.SZ,-0.27492990884456314,2.4619644036180786
002542.SZ,-2.6445742386822078,7.354018141121229
002550.SZ,-5.545352812101077,12.086527376561007
002554.SZ,-4.633311026708088,14.915686913232907
002555.SZ,-0.4689321879135071,5.590857275021516
002557.SZ,-0.020378394753664653,1.9757731682728263
002558.SZ,-1.3642212703463243,3.6504435699978925
002567.SZ,-0.8904184766330072,6.92600105503022
002568.SZ,-0.08566401111995847,2.8093420599004473
002572.SZ,-0.44896412789307094,5.059078762039409
002584.SZ,-6.066452381478591,19.835216144544788
002589.SZ,-5.444770188490997,12.110446495111207
002594.SZ,-0.1974479940302396,4.109271338977973
002596.SZ,-5.7165647173211855,12.850107922896099
002597.SZ,-0.24916208974525578,2.880798675111107
002601.SZ,-0.3972020741554865,3.3144163598697727
002602.SZ,-1.038512268355849,3.9633997248018438
002612.SZ,-2.1456921271949163,16.98921651743883
002616.SZ,-1.9056008563219369,5.443245804057128
002624.SZ,-0.43962450634062034,5.882033217142013
002630.SZ,-7.994303525005706,20.53958819399525
002643.SZ,-0.16284777311369847,2.1103303515109104
002651.SZ,-1.911857126248674,6.0307313422765505
002653.SZ,-0.16695672396661043,1.4641570723986659
002657.SZ,-6.015984677827936,18.44848920744466
002668.SZ,-2.7008708754515833,6.219517272639633
002672.SZ,-0.6609194718858132,2.1664145938370334
002673.SZ,-0.7640345179103823,2.2494418349835508
002675.SZ,-0.2854719100811567,2.2164363700114693
002678.SZ,-0.70272272211142,1.4115749869197827
002695.SZ,-1.0655418143863244,3.589373521703397
002696.SZ,-2.695188009437747,7.450542364838446
002697.SZ,-1.341779025486337,4.423025366949754
002698.SZ,-0.3387063145387976,1.6067097988593546
002705.SZ,-0.04876489636078141,2.284215419008867
002709.SZ,0.2785764388672729,5.119430529773842
002714.SZ,-0.044355888355166906,2.1621795817349554
002726.SZ,-0.6139438388670375,2.9769093440935177
002727.SZ,-0.32595497661493766,4.581406544559189
002738.SZ,-0.049507747329914586,10.935666283915292
002739.SZ,-0.1537330470640219,2.7876644059490387
002746.SZ,-1.770453536723874,5.282265034981715
002747.SZ,-0.499975714724713,4.198534599742131
002749.SZ,-1.0898070930203774,2.693126953647556
002787.SZ,-2.7670632647635816,7.18583991981585
002791.SZ,-0.40987237295086754,3.6927779478637586
002799.SZ,-1.7930578151013483,6.057876978864421
002802.SZ,-0.7532323239062197,3.683375181049078
002803.SZ,-4.050280403474271,13.921570647376704
002812.SZ,-0.04949268352755709,2.364638904968683
002815.SZ,-1.5674271518050547,5.458566873059411
002821.SZ,0.20845482892172051,2.5755538818796753
002832.SZ,-0.03975494040337846,1.8680535466751569
002833.SZ,-0.4745360590071477,4.145133271550703
002837.SZ,-1.547007141833142,7.609272995491679
002847.SZ,-1.0386308731760134,3.731519723350231
002851.SZ,-0.22348357892458426,1.8514905475657
002867.SZ,-0.045529922312949056,1.6404929885150399
002916.SZ,-0.26526459835754457,1.8102670373819345
002928.SZ,-1.1328708686444902,3.018478882581771
002939.SZ,-2.078129418443567,5.010482728548098
002961.SZ,-1.43920217370709,5.481532835727991
002966.SZ,-0.08018109970929532,2.244835106677936
002967.SZ,-0.8677661153365903,4.568872735545651
0039.HK,-0.32107139232919274,0.5416628012639007
0063.HK,-0.040244399725861864,0.06221728108179412
0069.HK,-0.05232621098687946,0.1359686767403041
0078.HK,-0.05399559225703825,0.07775982583368059
0157.HK,-0.6864265476797049,0.7784955742283775
0166.HK,-0.3504100746770472,0.5199100746770472
0333.HK,-0.15969591590493898,0.25672815471090926
0338.HK,-0.5622291849956063,1.5802237055435513
0400.HK,-0.4391488994131755,0.8007386254405725
0401.HK,-0.26787573802963005,0.39406219221289707
0413.HK,-0.03934923814817221,0.051273502854054555
0417.HK,-0.11339471757033799,0.1695009490243438
0418.HK,-1.374161234801869,1.7529728340988813
0420.HK,-0.08172413992323037,0.17103975931281745
0422.HK,-0.08842267742695029,0.15162694409361696
0423.HK,-0.03388173340371675,0.07396065497234415
0426.HK,-0.5338467754474122,0.7615964257970628
0503.HK,-0.44323931513393783,0.7790143151339377
0513.HK,-0.024129591839714186,0.04342923082888386
0529.HK,-0.7516520737102605,0.8995498514880382
0538.HK,-0.12004664252258068,0.22771283970567924
0543.HK,-0.049917792843869616,0.0858266817327585
0546.HK,-0.18349334521132044,0.5556960849373479
0568.HK,-5.51950783810884,9.372942427149933
0581.HK,-0.19004384603964847,0.4436527501492373
0591.HK,-3.8699870765737474,14.237737076573747
0596.HK,-0.8901899952396007,1.7285636253765873
0598.HK,-0.2315404211043321,0.8678626813783041
0630.HK,-0.6451734798521434,0.8257173617086835
0650.HK,-0.41827954234272596,0.5915146542188016
0651.HK,-1.1689658721393958,1.909240448410582
0656.HK,-0.0337484425603819,0.15343450108017523
0661.HK,-0.10482958229132743,0.1902423629476313
0665.HK,-0.10495017995783854,0.4004501799578384
0669.HK,-0.11114382360371539,0.6723770427817974
0683.HK,-0.0631158429822741,0.271826686355768
0686.HK,-0.0655406994972834,0.11337987475501533
0690.HK,-0.29355885128841475,0.39755360784272176
0698.HK,-0.44032064680918037,0.9014333180420572
0708.HK,-1.27310024221027,2.259657052841499
0723.HK,-0.7568186014609968,0.9882708138503775
0725.HK,-0.09252547303835251,0.16243554015244643
0728.HK,-1.6156095578210226,3.3710122975470505
0733.HK,-1.0102961970180577,1.2066658691492052
0736.HK,-1.1642682660667536,1.5276500448086192
0753.HK,-0.1537055822835941,0.8411114042014025
0767.HK,-1.698213921597688,2.4867198656536322
0768.HK,-0.24179221597673387,0.3606618324959079
0776.HK,-0.09232741665576502,0.18563650756485592
0799.HK,-0.44449714897914794,1.3809598202120252
0800.HK,-0.48154108994217126,0.695750802172387
0810.HK,-7.079674664162935,10.180124260937129
0826.HK,-0.6943894970902005,1.336791209418969
0830.HK,-0.34376101565860506,0.5222791663435365
0831.HK,-0.5279294164289503,0.7445280004997468
0833.HK,-0.20589669778708036,0.25750236350945993
0839.HK,-0.9590984933347003,1.8911902741566187
0858.HK,-1.1190009872331796,1.3768328136346264
0860.HK,-0.32961871475716664,0.7769122079078509
0866.HK,-0.3091905810811505,0.452456877377447
0875.HK,-0.07454899633288253,0.1387318959611353
0882.HK,-0.15703519577045566,0.26462404594467154
0895.HK,-0.4732348239357411,0.7834375778083746
0902.HK,-0.43999580582558695,2.420370805825585
0911.HK,-0.16874098611156552,0.25540386489944433
0921.HK,-0.2715135359270612,0.7349323715434993
0926.HK,-0.23594592545884274,0.45378923531799753
0932.HK,-0.95259413487228,1.4651416209058001
0935.HK,-0.09686403350720348,0.1606240335072035
0938.HK,-0.030309958054868948,0.04905889422508173
0951.HK,-0.6009426509767637,0.9280405961822429
0968.HK,-0.1713994959890397,0.9992837425643821
0976.HK,-0.4886686628066954,0.8416672715023477
0980.HK,-0.2089443769375549,0.35556227577023974
0983.HK,-0.042549632100621,0.09481768765617658
0998.HK,-0.017012540211985755,0.41140569089691725
2013.HK,-0.9705628401546436,4.345848799058757
2020.HK,-0.3657865879288632,0.9988143276548914
2252.HK,-0.23581550134167695,0.5074039223943085
2260.HK,-2.526545299542597,2.8900718482151624
2400.HK,-0.739059050810217,2.3240686398513137
2450.HK,-13.706919793380505,18.484417229277938
300001.SZ,-0.7892265968452379,4.898679210085657
300002.SZ,-2.977771999331059,10.789400919191678
300003.SZ,-0.4158553980946027,3.1491289172583685
300005.SZ,-0.8263615622404852,3.8307419475294506
300009.SZ,-0.6142665563677072,4.228996869956555
300010.SZ,-4.117954583276803,19.89662439130473
300012.SZ,-0.033332937713477895,1.5454949586193996
300014.SZ,0.35903449738923965,2.8341170705550125
300015.SZ,-0.0695338792924336,1.7681140186652566
300017.SZ,-2.6564142168808313,7.160434425940062
300026.SZ,-3.9166667348220217,10.76267440032725
300027.SZ,-2.0039189348237083,5.830724509736601
300033.SZ,-0.6701568711246422,5.78706174917342
300034.SZ,-0.3427398744439214,3.9318116514474015
300049.SZ,-3.1180731986913255,12.627426160363802
300054.SZ,-0.846299663753578,5.231796527865079
300055.SZ,-0.9577626434422417,3.8073194378673305
300058.SZ,-4.980794437540247,13.705987817331195
300059.SZ,-0.11211837750868225,4.796937541271749
300065.SZ,-2.850511031960826,13.007817303737815
300067.SZ,-1.4358192252874338,5.191689608562696
300070.SZ,-0.33199851831860183,2.7884480789512884
300072.SZ,-0.22829484290405877,2.4334324735660786
300084.SZ,-5.669531521670364,16.226193759432597
300088.SZ,-1.533444746657684,6.9999729696542
300111.SZ,-1.989493219791312,5.8527974009759784
300113.SZ,-2.0921524132245017,8.945296315663525
300115.SZ,-0.5023046364432235,5.440447842018132
300119.SZ,-0.6686286664808117,4.037714032334473
300122.SZ,0.09948426373147345,2.708393785049015
300124.SZ,-0.11895899027118229,1.7281819867868617
300132.SZ,-0.6954616572547239,4.822808347150195
300133.SZ,-1.1941320839758864,5.5789177982616
300136.SZ,-0.6661945068517521,5.580978478977192
300142.SZ,-0.5962470145878753,4.902535516330039
300144.SZ,0.1830391923595427,2.5714597623442907
300145.SZ,-0.6454601333901855,3.50536739002735
300146.SZ,-0.36745765623815885,3.143820374008195
300147.SZ,-4.2282021405374355,11.376362419283078
300157.SZ,-3.5475664434571086,11.093420893718891
300166.SZ,-4.624691106257623,14.484174381518947
300168.SZ,-1.689699391602288,4.625904966515179
300170.SZ,-2.076885697565129,8.244731690596492
300172.SZ,-3.9892344508634494,11.292219119852998
300176.SZ,-0.5323065533552918,3.3913943582333417
300182.SZ,-3.410316704968456,13.970925811798569
300183.SZ,-3.5493560055013216,9.201460186685988
300188.SZ,-2.7530206860814816,6.93295796831145
300197.SZ,-0.632992285908015,3.1410990234966665
300200.SZ,-1.7306474059471268,5.209182597584755
300202.SZ,-1.653959416363639,8.954347404351624
300203.SZ,-0.8041663723635228,4.283390762607426
300205.SZ,-1.7846623574851561,7.684769674558324
300207.SZ,-0.0502172195616577,4.773308857192321
300212.SZ,-2.539189808632675,8.667000958458456
300222.SZ,-3.0800618460751807,10.961942682312115
300223.SZ,-0.686755271489992,6.133850393441208
300226.SZ,-1.3026737292168606,4.983133659530449
300228.SZ,-4.5004750972639265,15.119138163466019
300233.SZ,-1.1405833687881022,6.104607410599945
300238.SZ,-1.1341014812291872,5.072715418511421
300241.SZ,-5.233803707434733,12.122768167365047
300248.SZ,-4.789833290385841,14.130071966344032
300253.SZ,-0.6393583674527066,3.9407994922330247
300262.SZ,-2.385427938404651,7.25820755176142
300266.SZ,-1.223249298882663,5.646910810306219
300271.SZ,-1.8915493778108177,7.936166799413601
300273.SZ,-1.9474737524858945,9.1039389931276
300274.SZ,-0.024292051480357735,6.0854687065326205
300284.SZ,-2.108399709241532,6.257983332934909
300294.SZ,-0.546835926810981,3.880465891967775
300301.SZ,-1.4587676062378403,8.15219378424831
300303.SZ,-5.175418400086098,11.196273800782958
300312.SZ,-4.111268755168352,19.721066958761156
300316.SZ,-0.25019695121569074,2.382950261320219
300318.SZ,-2.4176735706374375,7.242880887710606
300323.SZ,-1.097617982859083,5.3201058563213
300331.SZ,-1.0474183783036133,7.48404869189247
300332.SZ,-1.7649354153781753,5.12976781955936
300334.SZ,-3.5195645280309367,10.342615747543139
300343.SZ,-4.638142064535809,19.338527430389473
300347.SZ,0.23291983340782507,2.3215603059649963
300352.SZ,-2.6415494279452405,10.509431657910397
300357.SZ,-0.0029309148501516225,1.3326340507386525
300359.SZ,-3.8122553295336052,10.446908988070192
300363.SZ,-0.41596405697279537,4.412353604011116
300365.SZ,-1.7392949319323798,8.619114792559555
300366.SZ,-4.112722776345838,17.954071556833636
300367.SZ,-1.8930691989622397,4.757878808571849
300369.SZ,-1.0530934593402521,5.4179345743228335
300376.SZ,-1.6950082243849356,6.101193938670649
300380.SZ,-1.982599681590751,6.539085047444413
300382.SZ,-0.10759542384724896,3.909187061477909
300383.SZ,-1.2110525451068872,4.866130593887376
300390.SZ,0.32418073394916647,7.794134248629236
300395.SZ,0.06487976038393062,2.4321833058181603
300398.SZ,-1.9726696469845408,7.647917382176177
300400.SZ,-2.9661539214102657,9.242894339528737
300408.SZ,-0.0037686649719164134,1.5955087346583268
300409.SZ,-1.706376814386612,9.880999462470237
300413.SZ,-0.0935447380396548,2.9982220899560312
300423.SZ,-1.9536388793043957,6.973956300907185
300436.SZ,-5.110127616672903,12.01311158879834
300438.SZ,-0.14527635457395327,9.637074600187992
300440.SZ,-1.5471165141868661,4.958265991538784
300450.SZ,0.03207983046340712,2.127763026679447
300451.SZ,-0.33112852113730495,3.968680717973865
300454.SZ,-0.016687162350140228,2.008222353987772
300455.SZ,-0.8574636845309263,3.4437124650187325
300457.SZ,-0.8192312700832813,6.099414893776663
300459.SZ,-5.9898054424677705,17.644559449436407
300463.SZ,-1.143176621357639,4.851757457594573
300465.SZ,-2.4609013023883675,11.062272730959794
300467.SZ,-4.506514786722211,13.776397365119418
300476.SZ,-1.8720808830308102,6.189168687908857
300477.SZ,-3.7642900556844854,13.55882594418623
300498.SZ,-0.0009514827917566082,1.5139438172865303
300502.SZ,-2.802789857649118,10.621235153816365
300503.SZ,-2.737051093196097,13.326732626297144
300505.SZ,-5.883242552746149,21.871934887240904
300506.SZ,-2.0346379649114996,8.138671762820913
300515.SZ,-1.158617809699244,4.467261712138266
300516.SZ,-1.0125467308187694,3.8414167656619744
300520.SZ,-3.837273915117912,12.509668340205025
300523.SZ,-0.5780519066188299,2.1675052167233595
300529.SZ,-0.3295833464507807,2.861389966659841
300536.SZ,-0.5481754668780521,3.251766059212546
300548.SZ,-2.2796879124878675,9.142552824768577
300566.SZ,-1.7430065688904715,7.513365105475842
300567.SZ,-1.425095853700726,7.49085613244637
300568.SZ,-0.06978228878824577,6.198578456035629
300569.SZ,-2.5156967077178347,10.77406012235198
300575.SZ,-0.5099464334420978,3.5253649003410494
300593.SZ,-1.4264530969757656,6.15518794018134
300595.SZ,-0.0046650404996015915,3.6409246223811382
300601.SZ,0.014929153438347553,2.6650293831470213
300618.SZ,-2.089048152558771,8.97996418043333
300628.SZ,-0.17126708143197844,1.3627465239406895
300630.SZ,-0.5765124401917059,3.374891534268361
300633.SZ,-0.34183234990231215,3.102330607742035
300661.SZ,0.02088202909167791,1.9786576921626757
300662.SZ,-0.2090903470056753,1.7939415665178708
300673.SZ,-0.8218274302313806,5.5658309145519365
300677.SZ,-0.526743668298363,7.873796978402894
300724.SZ,0.13917739548051422,6.177872778735513
300725.SZ,-0.11962848922274416,4.456556015355149
300737.SZ,-0.5777662968443646,4.661371261383373
300738.SZ,-2.372185102916801,7.391772907794847
300747.SZ,-0.4090115415191484,2.867373562425075
300750.SZ,0.056285459534158866,1.5767131467376196
300751.SZ,-0.1365759676640499,4.129144608779037
300759.SZ,-0.02550462333492831,2.7700910344847562
300760.SZ,-0.5185112884787401,1.7104036229735144
300763.SZ,-0.4194355153473559,5.838941787124367
300772.SZ,-1.4383446493087355,11.985958381703108
300775.SZ,-0.9289785279719367,6.094669468738493
300782.SZ,0.2932877703468464,3.489361358573017
300791.SZ,-0.44318610146478754,5.520774254774894
300806.SZ,-0.7925702262587482,4.574882421380702
300815.SZ,-1.0187136027521246,4.501816738640621
300850.SZ,-0.236922029911816,7.249907241179423
300856.SZ,-0.9455910936937335,8.445746842822658
300888.SZ,-2.1523117909810527,7.096656041852137
300896.SZ,-2.7477479146182526,9.777047914618255
300957.SZ,-6.916957580961439,13.399038579042058
300973.SZ,-5.456781894138329,10.882458028260613
300979.SZ,-5.864579022958493,10.338789422958493
300990.SZ,-2.7677137527800744,18.316074648910423
301226.SZ,-7.68946482166394,28.967728850440906
430047.BJ,-1.2528438323215902,2.7038197905097445
600000.SH,-0.0384112005956945,0.29885440617060777
600004.SH,-0.11578535178524474,2.0799466758270575
600009.SH,-0.7441658046581965,3.7376784156706275
600011.SH,-0.19902092468770516,1.8561644786946747
600016.SH,-0.169432629737508,0.604744127995348
600018.SH,-0.08013228532375524,0.4204284525711419
600019.SH,-0.11335792432096242,1.1074018267599874
600022.SH,-0.5268032058585086,2.747105644882899
600023.SH,-0.19243061251771615,0.7609187658278209
600027.SH,-0.3405262533989778,2.2164344558422573
600028.SH,-0.017496827225842754,0.3560560606753208
600029.SH,-0.10499602204446801,1.0984329558423767
600030.SH,-0.26985272994685927,2.065837236989112
600031.SH,-0.19221691479191216,2.7831162179278017
600036.SH,0.021071346653993017,0.6258627996874696
600037.SH,-0.8341038638272456,3.493497592050241
600038.SH,-0.22220108406748285,3.231252502507201
600048.SH,0.03131659692583333,1.3978367131786973
600050.SH,-0.7541282667732291,1.9622861064944828
600056.SH,-5.745747459510752,12.392886832333048
600058.SH,-1.3713023648639824,4.0328211801949925
600060.SH,-0.3652293428848956,2.803634569365732
600061.SH,-0.260191784369255,1.2308931780974777
600062.SH,-3.582293223711479,8.530807509425765
600066.SH,-0.7419306780425914,2.992687048025142
600068.SH,-0.4960695263652798,2.365175699204786
600073.SH,-0.50286810205406,3.3243290776638155
600079.SH,-0.5308374588845233,3.5943332776998576
600085.SH,-0.4878739908473655,2.8441820047846487
600089.SH,-1.3465925419489144,6.704482088987237
600098.SH,-0.33134996236656955,1.5301924710773704
600100.SH,-2.841627534958862,5.605654015795098
600104.SH,-0.10323826800039493,0.7189518568505693
600111.SH,-1.2334002686829963,7.305772742550601
600115.SH,-0.08138401350703844,0.812071818385087
600118.SH,-1.5965830075391463,4.208645376877125
600123.SH,-0.694853600888568,7.005055343048856
600132.SH,0.17927026987632744,1.4487882667090397
600138.SH,-0.8547239942305946,6.972555353115611
600150.SH,-0.5227713481022294,4.63719434461791
600151.SH,-0.5671552856345423,3.34407863058228
600155.SH,-0.493761810677005,2.916650312419165
600157.SH,-0.3683497279496908,2.9128675601175233
600161.SH,-0.22831445530676053,1.7529538281290589
600166.SH,-0.975258264112048,4.556910528920413
600170.SH,-0.7575938878649211,2.0582367450077803
600176.SH,-0.22306355895795904,2.4620538028603987
600187.SH,-3.2026855321467096,7.1658412812756325
600188.SH,-0.054930236348857076,2.1212723966276044
600196.SH,-0.6793369288073572,4.39612682427774
600199.SH,-2.759508672037758,14.222688114546465
600200.SH,-3.610314091191609,10.903568098160255
600201.SH,-0.130969233325974,3.2781145294932226
600207.SH,-0.859137801935757,3.5657743873016075
600217.SH,-1.2991676896707407,4.214119954479103
600236.SH,-0.08312938131762704,0.388409172258394
600252.SH,-1.6015111992731528,3.7260017916076444
600256.SH,-0.31523337838836474,4.158742437621807
600257.SH,-4.843709774245415,18.089267265534613
600258.SH,0.25949782738756033,2.3947216848075645
600259.SH,-2.1217368114143746,9.577329842773254
600267.SH,-1.5348579623439649,4.569134965828284
600271.SH,-0.506492059012486,2.1015690624968064
600276.SH,0.07014698173658296,1.3469227046745642
600282.SH,-0.3971934883969863,2.8673595129153773
600285.SH,-0.41851895769535075,4.179638469890474
600297.SH,-0.8456006106922418,2.7100661159187225
600298.SH,0.004032695115235407,2.221546747393476
600303.SH,-1.7424262083167532,7.728301074626915
600308.SH,-1.4519950209851151,4.410544149904975
600309.SH,-0.46608695351713136,2.286077545851626
600315.SH,-0.3482245640233953,2.1228608009571954
600323.SH,-0.31415540693166744,1.67138397836024
600325.SH,-0.6323352941691476,3.800650973611653
600332.SH,-0.3334902434408836,1.7985250866464573
600339.SH,-0.8786936875297608,2.9907114575646028
600340.SH,-1.1530930130825545,4.502102315408134
600348.SH,-0.7301859320958792,5.600117290980898
600369.SH,-0.6998161455515576,1.934768758791975
600376.SH,-0.36154710707146653,1.3945188840749507
600377.SH,-0.01160086380046424,0.3433918045670147
600383.SH,-0.24544890421885612,2.7678506463791344
600389.SH,-0.2752638678958992,3.456578406902991
600392.SH,-2.8642584876593884,10.427772076509568
600398.SH,-0.14191681567952324,0.8044499167248187
600399.SH,0.10837098126987121,2.939085912272887
600406.SH,-0.031910587329123885,0.9213513538796471
600416.SH,-0.3953651717744444,4.414638121163621
600418.SH,-1.774557194104628,12.467231410132506
600426.SH,-0.1100800706836702,2.360567178697605
600428.SH,-1.074676285405598,5.9024581669386995
600435.SH,-1.0572881128810288,4.722815290581379
600436.SH,-0.0777476728686578,1.21238425823451
600438.SH,-0.023902696112908295,3.2825866682383444
600446.SH,-2.1529900759080722,6.472341398659395
600456.SH,-0.13985743337895884,3.693229907246552
600459.SH,-0.4189809510393603,3.6388003172365417
600460.SH,-1.0601864602935276,7.355825552789165
600461.SH,-0.2732557947579536,1.7774394537277587
600478.SH,-0.9616858369151706,5.250652387437823
600481.SH,-0.738629842734523,5.14658663715961
600482.SH,-0.5367729350539903,1.3769346075278572
600486.SH,-0.03295757481902584,1.388433184575122
600496.SH,-0.7483442141983274,4.376130625348161
600519.SH,0.011961504209906382,0.5556207257552508
600521.SH,-0.9949636264663924,4.007394985351413
600529.SH,-0.48326249590601167,4.083598384407754
600535.SH,-0.3868786905119801,2.266844892602574
600536.SH,-1.0571997980101644,7.2366025854666125
600547.SH,-0.18937239110525605,1.7050703005129217
600557.SH,-1.6064066583747763,5.50400387091833
600559.SH,-1.5528627553950152,9.630689236231252
600563.SH,0.11036971535923112,1.9142153020623722
600566.SH,-0.6945260895661354,2.946010410123625
600567.SH,-1.0374350213102774,3.0264182965716024
600570.SH,-0.11283862325736349,2.2899995988671207
600582.SH,-0.4177428622257108,2.401396869194354
600583.SH,-0.2419785398616231,1.5691565886421115
600584.SH,-1.1793788733178303,6.428191416871834
600585.SH,-0.019981736195081812,1.298414837240378
600588.SH,-0.20496222685722465,1.8898225056028677
600594.SH,-1.143688700274477,5.67153086055322
600596.SH,-1.6370202958561428,10.748742943939765
600603.SH,-2.4133583470890336,5.707171239075095
600628.SH,-1.947970081265387,3.531122346073748
600630.SH,-4.23910074688323,9.734681931552219
600637.SH,-0.5482418252537534,1.6247313722920809
600639.SH,-0.7850364720228064,2.3150977960646175
600642.SH,-0.35390104115257376,1.277712190978357
600643.SH,-0.0698588127961739,1.135434770984328
600651.SH,-1.86048635869073,4.280391070732615
600654.SH,-1.4203088003125246,3.872546912200636
600655.SH,-1.8739204253260149,3.7902406343852477
600660.SH,-0.0012525178410749405,1.8076009498968253
600667.SH,-1.8059248870634224,4.355786211105237
600688.SH,-0.373552279383511,1.4196710947145212
600690.SH,0.06848635590251417,1.0726561528082867
600694.SH,-0.19786253966770195,1.751169159876763
600702.SH,0.003099932194265964,5.310192912482874
600703.SH,-0.2828289449428407,3.8834874815282054
600704.SH,-1.672501962330686,4.487738547696541
600705.SH,-1.2713534707584269,2.681646153685255
600707.SH,-1.4253884710762925,5.062828261652207
600717.SH,-0.4606228474822087,1.6645228474822096
600728.SH,-0.7047455471199238,3.3987065227296824
600730.SH,-3.0092394666315956,7.7465969579207945
600740.SH,-2.4470585014010826,8.609744564118852
600742.SH,-2.058775817517012,5.444104040513524
600745.SH,-0.35222206370499065,4.210554467886175
600755.SH,-0.45212901757585744,3.087085812000945
600760.SH,-0.2232613580426569,1.9929840061262811
600763.SH,-0.05714025685737001,3.1632186540699125
600765.SH,-0.23673203869313952,4.187730993396977
600779.SH,-0.2103375252344406,3.0483382220985495
600795.SH,-0.33944902613160144,1.9001065174207996
600797.SH,-2.8462220780321648,7.3330008236767625
600801.SH,-0.26912351467580553,2.493857312585214
600803.SH,-0.27819215404213204,1.9843004141475804
600804.SH,-1.820762140502937,7.434398440677459
600809.SH,0.05206181080847805,1.0815312205504073
600820.SH,-0.4680206985039871,2.0204478762043347
600835.SH,-0.29874767855426954,1.5073093510281357
600837.SH,-0.31416262665230354,1.4645981667219914
600839.SH,-3.226131451218605,6.787976398953795
600855.SH,-1.7456043882540655,6.180348639125149
600859.SH,-0.2514139419999166,3.561566904297943
600863.SH,-1.7000118514409808,5.2857895517894145
600867.SH,-0.16094369092476513,1.8305259208899223
600872.SH,-0.2561828078860755,4.0969016232170885
600873.SH,-0.14517752169509013,2.5022130617647727
600879.SH,-0.6347760548952996,4.371239121097393
600881.SH,-0.7566958696592363,2.0762185177428605
600886.SH,-0.15722472947856536,0.7615714193740366
600887.SH,0.016745425709457584,1.7042448181929797
600893.SH,-0.46622414322441785,3.471804631029298
600900.SH,0.005871851197565614,0.4280229978255243
600901.SH,-0.14046234212638148,1.13027384038422
600905.SH,-7.5305279933965155,16.473703312545453
600919.SH,0.006646227920155012,1.324014399257547
600926.SH,0.06379664714235206,0.887255269233955
600938.SH,-6.720760849375361,16.622735562019034
600959.SH,-0.481903049566186,1.801602701134131
600963.SH,-2.262112802557954,7.325622210223463
600967.SH,-0.4479794341185064,2.4857850090313995
600977.SH,-0.6841480322265762,2.3959727709025356
600984.SH,-0.7235267774028153,4.123717718169365
600987.SH,-0.6373349970484429,2.432286216560638
600988.SH,-0.35566739899302435,5.926648932094064
600998.SH,-0.12658781242233097,0.9167313664293
600999.SH,-0.22789156480147382,0.9099511466830073
601000.SH,-0.18467843916437487,1.7290150245302285
601001.SH,-0.13728671676438386,4.787815636625018
601006.SH,-0.015020947498393694,0.4916045711917737
601009.SH,-0.20843838223045402,1.1742279292687814
601012.SH,0.13625229431018937,2.552545963529532
601015.SH,-2.452356030576606,8.052718354520273
601016.SH,-2.459764214611067,8.648097313202616
601021.SH,0.018220305548525217,0.913871680514192
601058.SH,-0.2923073262658298,2.7799045388093795
601077.SH,0.009780743648665435,1.4447209985116127
601088.SH,-0.01189304015774767,0.46325227360722476
601098.SH,-0.22088213561120118,1.2008148882244412
601100.SH,-0.0032014249656150406,1.038030344826241
601108.SH,-0.5376598914937727,2.7085292576909543
601111.SH,0.0017537144610574318,0.9881713726469558
601117.SH,-0.23731509453700417,3.0006753732826494
601127.SH,-0.9121630338856019,6.305056065244493
601128.SH,-0.1413746450663198,2.7974889307806055
601155.SH,-0.5927912781115705,2.330595459296239
601166.SH,0.016385782132391336,0.9193535906899082
601168.SH,-0.6944745112058714,5.307063709812139
601186.SH,-0.4293140071849565,1.7027701047459325
601211.SH,-0.16027056323123723,1.074836068457719
601222.SH,-1.4299443159563126,6.778044315956313
601225.SH,-0.05126590591837499,1.3246289721204656
601229.SH,-0.026616842565340915,0.41619001329704863
601233.SH,-0.1918483783458076,2.9153487267778626
601258.SH,-0.44066537399183237,2.1883737656002236
601288.SH,0.001102936164936355,0.18645420669220658
601311.SH,-0.860313740145783,5.048475761051705
601318.SH,0.007379213599641332,1.2047012742052359
601328.SH,-0.00641715322271405,0.503270463327243
601333.SH,-0.9182526473457113,2.340017107276024
601368.SH,-1.9088242149140413,3.570952089478501
601377.SH,-1.0797359927259174,4.258710640613241
601390.SH,-0.3126184512792862,1.5095445836834673
601398.SH,-0.0017936544067888027,0.16615776590504658
601601.SH,0.011806886987148268,0.9171809178909012
601611.SH,-0.4442331782027118,2.483484397714905
601618.SH,-0.7195728955665153,2.5900147074132063
601633.SH,-0.07045273383812611,1.138562489935686
601636.SH,-0.0525816821696341,3.8630207065598787
601666.SH,-0.34065713060785185,4.1105215905381645
601668.SH,-0.06417771671323325,1.2372818978979025
601669.SH,-1.0538215381631544,4.360474848267686
601677.SH,-0.10613524832651788,4.103817478291676
601688.SH,-0.3533389446120747,2.133359502103363
601689.SH,0.0017652830502399297,2.2933862848940096
601699.SH,-0.1491438120927162,3.1994831849150147
601717.SH,-0.5247905001549265,4.092860883430188
601766.SH,-0.40684525982762626,1.0951929950192638
601799.SH,0.09066709073334545,1.1127078221586402
601800.SH,-0.3649022300073337,1.5301332404602959
601801.SH,-0.8625065544224645,1.9503724080810008
601808.SH,-0.054809921920044635,0.799760793000184
601816.SH,-0.32832532766947675,0.8216437945684313
601818.SH,-0.05894948712087833,0.5921320655180908
601825.SH,-5.617677644253381,8.778731801022982
601838.SH,-0.4153487344602934,2.01147277627214
601857.SH,-0.019921970007891032,0.22736134283019074
601858.SH,-2.3733970052246693,4.750907806618398
601865.SH,-2.244957553634106,6.449541525759543
601877.SH,-0.3439018284118367,2.3166746507114855
601881.SH,-0.5275029902390831,1.4934890529568536
601888.SH,0.1360811675346933,1.1141237105140875
601898.SH,-0.053773788587378024,1.0753197816187363
601899.SH,-0.06959729230104017,2.6984300449142786
601901.SH,-0.6034842229459886,1.6874943274756045
601908.SH,-1.947966906649917,7.353891993757925
601918.SH,-0.8987839194342495,5.762028867169441
601919.SH,-0.5438622509156732,3.7372312404627115
601928.SH,-0.4319715730443554,1.532377844821359
601929.SH,-2.783657061158425,6.150692252796055
601939.SH,-0.17660502100789943,2.0479855088127756
601965.SH,-0.14442476836015772,1.4430749425761857
601966.SH,0.04416156223350565,1.7415677060591763
601975.SH,-2.355396302462797,7.731632539396591
601985.SH,-0.2586720000304581,1.593480362399796
601988.SH,-0.03220177034510978,0.1738076936900575
601989.SH,-0.33701733614545853,1.2606013082708938
601992.SH,-0.025957583158287945,0.7320826702663019
601997.SH,-0.22482222411772268,1.4069096805637151
603001.SH,-0.7068527169182878,2.166980116569248
603008.SH,0.013513962023378845,2.376484992680453
603010.SH,-1.0147316144730993,4.076015769402677
603016.SH,-0.7330210704376969,2.8541789101589514
603018.SH,-2.464484683795784,5.754380154179061
603027.SH,-0.18701082058897045,3.5264317265123166
603035.SH,-3.1051423661819366,10.738057697192389
603040.SH,-1.2445473081273277,3.702719085130812
603043.SH,-0.16118141877582892,1.4684430912496964
603055.SH,-0.3441663370192912,1.8803712150680711
603063.SH,-0.5168890375538324,5.611675448703654
603096.SH,-1.9262237923971146,3.9351980084249893
603109.SH,-5.661833840819595,15.724191680540846
603113.SH,-0.5701108594916879,3.4930401277843686
603116.SH,-1.041741932765812,2.387226950187416
603127.SH,0.13359104858091075,2.0968584287710055
603129.SH,-0.01447749365701223,1.632062162646559
603160.SH,-0.07272289711456992,1.870435789100633
603185.SH,-1.5517173175896026,9.177443449993774
603187.SH,-0.2835601614044083,2.1313754924148594
603195.SH,-0.9092939818114916,3.892858093309748
603225.SH,-0.1662170159055758,1.6332403608533113
603228.SH,-0.16013551587325503,1.2524261082077497
603233.SH,-0.07367833671408996,1.2306842600590366
603236.SH,-0.4617772820753736,3.970722229810568
603259.SH,0.13423278983986986,2.0064689523204065
603267.SH,-0.282785563954177,2.8430040308531277
603279.SH,-1.478778266542208,4.120416245636285
603288.SH,0.017479593483944594,0.2761754587808636
603300.SH,-0.5656358370619958,2.9612421088390004
603305.SH,-0.11569635364768605,2.364531196853261
603317.SH,-1.5094543585968103,5.922671083335489
603333.SH,-1.0740232968828416,4.5669877568131545
603345.SH,0.14225783436593786,1.8092491342751758
603369.SH,0.042498487408905605,1.5659102233924889
603387.SH,-1.3905160628299762,4.749694808474574
603398.SH,-0.8175653476345488,5.384207856345343
603429.SH,-0.5514609494290742,2.527278719463917
603444.SH,-0.33803968493442516,3.199640381798538
603456.SH,0.03490364344304331,1.9531406074280357
603486.SH,-0.4477828867551654,2.2577368937238043
603501.SH,0.019900650685160448,2.2324080601162324
603515.SH,-0.031018448144647937,0.5785379603397696
603517.SH,0.008744900662681188,1.985105621985402
603565.SH,-3.701268495539717,9.241914488571075
603568.SH,-0.03399891541546496,0.8149679049625029
603589.SH,-0.24423189719439886,3.6761967055567673
603606.SH,-0.3109648338028781,4.615324067252359
603619.SH,-1.1406386337316632,7.501602048365806
603639.SH,-0.45127043339943773,1.9375826285213882
603659.SH,0.027095925030633627,1.685378639429298
603678.SH,-0.20732858787246822,3.0174407829944148
603681.SH,-2.148951620391029,7.548770784154094
603686.SH,-1.5018293177177195,4.651419561620157
603688.SH,-0.18352367497635402,3.392505556509459
603693.SH,-3.143325477947703,7.554275566443282
603708.SH,-0.47752663967382203,2.079494932356749
603712.SH,-0.16747309894164597,1.6451399978963512
603729.SH,-1.4852155049464932,4.883857812638805
603730.SH,-0.13155448095866623,0.8137955959412435
603737.SH,-0.038516244041295944,1.1136699025778811
603789.SH,-2.0302435333501108,5.486926460179378
603799.SH,-0.07022612311184684,4.397942499418473
603801.SH,-0.32563242440830265,3.1651334697044673
603806.SH,0.14632326055410716,1.3345614084354398
603808.SH,-0.2864553732727212,2.2680484046316063
603816.SH,-0.03667943326084144,1.2374449384873225
603833.SH,0.03864091833710165,0.6703500224294481
603855.SH,-0.3484095968915272,1.8323622101319446
603881.SH,-1.090668612523737,6.37092505851677
603882.SH,-0.048469700076201105,1.9174028011214959
603885.SH,-0.034530260547305236,1.2078870549723917
603889.SH,-0.5729553730806103,2.767797184927299
603896.SH,-0.3395462815174508,2.6563919261167523
603899.SH,0.04292595912245911,0.7614848422712692
603909.SH,-0.5220906386973373,2.1283511282078273
603939.SH,-0.10844367072350158,1.3995990714203654
603958.SH,-1.5223915205913332,3.796525666932796
603979.SH,-0.5448776865359519,2.650894411274626
603982.SH,-3.4198442372659317,17.3935602651405
603985.SH,-1.1482543111588064,6.732166086202733
603986.SH,-0.030041689522649406,4.637382804505227
603989.SH,-0.09997839298714883,1.3531121908965562
603993.SH,-0.7265943532916475,3.443762645974575
603997.SH,-0.5882273331386201,3.501467751257087
605108.SH,-2.344907989778396,11.582580463645993
605117.SH,-4.983012832531303,15.068257276975734
688002.SH,-0.21800005495423003,2.9834244451981324
688005.SH,0.2961210063566244,4.901803035455222
688008.SH,-0.23786076929498434,3.1220558912462035
688012.SH,-0.6567529225761226,4.944090553238146
688018.SH,-0.8256013631951546,5.345257460756128
688019.SH,-0.4108717536496722,5.136846318109601
688025.SH,-0.7763136348357533,8.110832450166766
688036.SH,-0.2225723921312872,1.881943820702715
688063.SH,-1.4640501516141367,11.795602067990426
688081.SH,-2.2326904922754465,6.292176554993215
688083.SH,-4.928224373855989,9.559975786285367
688099.SH,0.010082378825534866,2.5577838232650585
688111.SH,-0.03885642112715937,2.2015801145069482
688112.SH,-7.1514639098436685,15.137304587809778
688116.SH,0.13010151132021974,3.0697591158574786
688128.SH,-2.1830118426223595,7.015934839138035
688148.SH,-7.9783033464222415,17.619930323166425
688169.SH,-0.13698696902845398,2.533737491676537
688181.SH,-0.49165986791661775,2.9019142233173163
688202.SH,0.05285585565681972,5.070662262810078
688208.SH,-0.9332611592663622,4.482195305607824
688223.SH,-4.96405526211405,13.168175897034684
688266.SH,-0.5539399075391327,3.01005001206875
688276.SH,-5.436175888111142,10.012264583763315
688390.SH,-0.8098406210144544,9.2025946279831
688508.SH,-1.750552314819016,9.51420876081205
688516.SH,-0.04480918448064841,4.258329741971937
688533.SH,-6.968486835019021,23.152315349870502
688556.SH,-1.9514581460099532,8.939055706985563
688599.SH,-1.2708353544087139,5.525898420610806
688617.SH,-4.714408963306848,8.53047831532086
688621.SH,-6.872555256444533,14.094661864374041
688639.SH,-8.303372112982915,13.742319921747859
688667.SH,-4.744133750986452,13.908391864194009
688680.SH,-4.150684744451296,13.311731530165588
688699.SH,-3.1530238913577433,15.755092184040674
688981.SH,-1.6011596535119013,5.202923416578102
689009.SH,-23.09470345940559,59.08621112491086
830946.BJ,-8.47472894408966,13.653413613079207
833819.BJ,-0.1798730374776111,0.47539289810478913
834599.BJ,-0.6942227979256643,1.3323040479256638
835185.BJ,-0.45052034264535074,1.1445868931679988
835368.BJ,-0.24610121012009517,0.9281667153465754
835640.BJ,-0.5987936486732691,1.2925110702760576
835985.BJ,-4.47279381249344,6.555930703444717
836077.BJ,-1.7015415445143767,3.3402824646112297
836239.BJ,-1.2874587215228808,3.4179950178191776
